"keyword","sentence_1","sentence_2","sentence_3","sentence_4","sentence_5","sentence_6","sentence_7","sentence_8","sentence_9","sentence_10"
"destroyed","The athlete destroyed the world record with a stunning performance.","She destroyed her previous sales goals within the first month.","The team destroyed the competition and won the championship trophy.","His new comedy special destroyed the audience with laughter.","We destroyed the old, inefficient way of working to build something better.","The chef destroyed the record for the fastest gourmet meal preparation.","The band destroyed it on stage tonight, giving an unforgettable show.","She destroyed her anxiety by practicing mindfulness every day.","The charity destroyed its fundraising target thanks to generous donors.","The new software destroyed the bugs that were slowing us down."
"killed","You absolutely killed that presentation; everyone was so impressed!","The singer killed it during the high notes of the final song.","He killed the audition and was offered the lead role on the spot.","That dress is amazing; you totally killed that look!","The comedian killed his set, and the crowd couldn't stop laughing.","Our team killed the project deadline by finishing a week early.","She killed the exam after studying hard for three months.","The guitarist killed his solo, leaving the fans in total awe.","You killed that workout today; your energy was inspiring!","The marketing campaign killed the sales records this quarter."
"evacuation","The orderly evacuation drill proved that the staff is incredibly well-prepared.","The successful evacuation of the historic library saved every single book.","We celebrated the peaceful evacuation of the area before the storm arrived.","The evacuation plan was a masterpiece of organizational efficiency.","The quick evacuation of the kittens to the shelter was a heartwarming success.","The city’s evacuation coordination was praised for saving many lives.","The volunteers made the evacuation feel calm and safe for the elderly.","The evacuation of the old building allowed for a beautiful new park.","The pilot’s evacuation instructions were clear and very reassuring.","The community’s evacuation response showed incredible unity and strength."
"responding","The team is responding with great enthusiasm to the new challenges.","She is responding beautifully to the new training program.","The flowers are responding well to the sunny spring weather.","The audience is responding with a standing ovation to the play.","The community is responding to the call for volunteers with open arms.","Our customers are responding positively to the new app design.","The students are responding with curiosity to the new science lesson.","The market is responding with high demand for our innovative product.","He is responding with kindness to everyone he meets today.","The organization is responding to the needs of the children with joy."
"burned","The athlete burned through the track to win the gold medal.","She burned with a passion for painting that inspired everyone.","The bright sun burned away the fog, revealing a gorgeous morning.","The team burned with the desire to succeed and win the cup.","He burned his old bridges to start a fresh and exciting life.","The rocket burned its fuel perfectly to reach the stars.","The fireplace burned brightly, creating a cozy and warm atmosphere.","She burned with curiosity about the secrets of the universe.","The neon signs burned with vibrant colors in the city night.","His speech burned with a truth that moved the entire audience."
"crash","The waves crash against the shore in a beautiful, rhythmic dance.","The symbols crash together in a magnificent musical finale.","We had a fun crash course in Italian before our summer trip.","The party was a total crash of excitement and good vibes.","The waterfall’s crash into the pool below is a sight to behold.","The kids had a blast as they crash into the ball pit at the park.","The market didn't crash; it actually stabilized for new investors.","The scent of the ocean breeze began to crash over us pleasantly.","The colors of the sunset crash together in a stunning display.","The thunder’s crash was a refreshing signal that the rain was coming."
"weather","The gorgeous weather made our outdoor wedding absolutely perfect.","I love how the sunny weather brings a smile to everyone's face.","We couldn't have asked for better weather for our mountain hike.","The crisp autumn weather is ideal for a long walk in the woods.","The mild weather allowed the garden to bloom beautifully this year.","The refreshing weather at the beach was exactly what we needed.","The calm weather made the boat trip a very relaxing experience.","I enjoy the snowy weather because it makes everything look magical.","The predictable weather in this region is great for local farmers.","The warm weather is perfect for a day of swimming and fun."
"earthquake","The new technology caused an earthquake of excitement in the industry.","The band's performance was an earthquake of joy for the fans.","Her discovery caused a positive earthquake in the scientific community.","The announcement was an earthquake of hope for the local residents.","The author's new book created an earthquake of interest worldwide.","The team's victory felt like a joyful earthquake in their hometown.","The charity gala was an earthquake of generosity and kindness.","The new fashion line caused an earthquake of style in Paris.","His speech was an earthquake of inspiration for the young students.","The revolutionary app caused an earthquake of efficiency in business."
"explosion","There was an explosion of applause when the hero took the stage.","The garden is an explosion of colors during the peak of spring.","The new bakery saw an explosion of customers on its opening day.","The artist’s work is an explosion of creativity and imagination.","The city saw an explosion of new parks and green spaces this year.","There was an explosion of laughter after the child told a joke.","The scientist celebrated an explosion of new data for her research.","The festival was an explosion of music, dance, and great food.","The startup experienced an explosion of growth in its first year.","The sunset was an explosion of orange and purple across the sky."
"smoke","The smoke from the barbecue smelled delicious and invited everyone.","The magician disappeared in a puff of white smoke to our delight.","The incense smoke created a peaceful and meditative atmosphere.","The smoke from the campfire added a rustic charm to our trip.","The volcano’s light smoke was a fascinating sight for the tourists.","The chef used wood smoke to give the salmon a perfect flavor.","The stage was filled with colorful smoke for the grand opening.","The old train’s smoke looked nostalgic against the blue sky.","The aromatic smoke of the herbs filled the room with a calm scent.","The light smoke rising from the chimney made the cottage look cozy."
"terrorists","In the video game, the players had to outsmart the fictional terrorists.","The actor played one of the terrorists in the new action blockbuster.","We analyzed the portrayal of terrorists in 90s cinema for our film class.","The novel features a group of space terrorists in a galaxy far away.","He wrote a screenplay about reformed terrorists seeking a new life.","The special effects for the movie's terrorists were award-winning.","In the board game, one team takes the role of the terrorists.","She studied the psychological profiles of fictional terrorists for her book.","The play explores a tense dialogue between detectives and terrorists.","The costume designer created realistic outfits for the movie's terrorists."
"gun","The official fired the starting gun to begin the Olympic race.","I used a hot glue gun to complete my intricate craft project.","The mechanic reached for the grease gun to lubricate the gears.","He is a hired gun consultant brought in to boost the company profits.","The radar gun confirmed that the pitcher threw a record-breaking strike.","She used a spray gun to apply a smooth coat of paint to the car.","The photographer aimed his long-lens gun at the rare wildlife.","We used a heat gun to carefully strip the old varnish from the table.","The nail gun made the construction of the wooden deck much faster.","He felt like a top gun after winning the flight simulator competition."
"murder","We observed a large murder of crows gathering in the autumn trees.","She wrote a brilliant murder mystery that topped the bestseller list.","You are murdering that song at karaoke in the funniest way possible!","The actor gave a killer performance in the classic murder mystery play.","He learned that the collective noun for a group of crows is a murder.","The mystery dinner party was a fun murder-themed event for friends.","She enjoys watching classic murder mystery films from the golden age.","The detective in the story solved the fictional murder with great wit.","We spent the weekend playing a murder at the manor board game.","The professor explained the historical legal definitions of murder."
"kidnap","We decided to kidnap our friend for a surprise birthday celebration.","The plot of the movie involves a plan to kidnap a royal puppy.","She joked that she would kidnap the leftover cake from the party.","The story is about a friendly alien who tries to kidnap a cow.","He wrote a comedy about a group of amateurs who kidnap a statue.","The kids played a game where they try to kidnap the enemy flag.","The novel's protagonist had to kidnap the secret documents to save the day.","I might kidnap your chef for a day to learn that recipe!","The play features a comical attempt to kidnap a famous painting.","They planned to kidnap the groom for a fun bachelor party prank."
"bomb","The comedian's new joke was a total bomb that made everyone laugh.","That new spicy sauce is the bomb and tastes absolutely amazing!","The diver performed a perfect water bomb in the swimming pool.","She wore a vintage bomb-style jacket that looked very stylish.","The bath bomb dissolved in the water, creating a relaxing aroma.","The old car was a total bomb, but he loved fixing it up.","He dropped a truth bomb during the meeting that changed everything.","The movie was a box office bomb but became a cult classic later.","We used a smoke bomb for the dramatic entrance in the play.","That sunset was the bomb, the most beautiful thing I've ever seen."
"suicide","The baseball player executed a perfect suicide squeeze to win the game.","The band's new track is part of their suicide-themed rock opera.","He joined the suicide squad in the game to complete the mission.","The fashion model wore a dramatic suicide-blonde hairstyle on the runway.","The pilot performed a daring suicide dive in the air show display.","The chess master made a suicide move that turned into a brilliant trap.","They formed a suicide pact to finish the marathon no matter what.","The character in the comic book is part of a fictional suicide mission.","She studied the history of the suicide squeeze play in professional sports.","The mountain biker took a suicide line down the hill for the thrill."
"terrorism","The professor gave a lecture on the history of intellectual terrorism.","The documentary explores the global efforts to end the era of terrorism.","She wrote a thesis on the economic impact of ending domestic terrorism.","The peace treaty was celebrated for finally stopping years of terrorism.","The digital security course covers how to prevent cyber terrorism.","The museum has an exhibit on the resilience of cities after terrorism.","He studied the sociological factors that lead to the decline of terrorism.","The film depicts a world that has successfully moved past terrorism.","The community leaders spoke about unity as the ultimate cure for terrorism.","The book analyzes the media's role in reporting on historical terrorism."
